Name,P_M17,RRT_type_monson,[Fe/H],r_[Fe/H],Name_lower,<Umag>,e_<Umag>,<Bmag>,e_<Bmag>,<Vmag>,e_<Vmag>,<Rmag>,e_<Rmag>,<Imag>,e_<Imag>,<Jmag>,e_<Jmag>,<Hmag>,e_<Hmag>,<Ksmag>,e_<Ksmag>,<[3.6]>,e_<[3.6]>,<[4.5]>,e_<[4.5]>,solution_id,designation,source_id,random_index,ref_epoch,ra,ra_error,dec,dec_error,parallax,parallax_error,parallax_over_error,pmra,pmra_error,pmdec,pmdec_error,ra_dec_corr,ra_parallax_corr,ra_pmra_corr,ra_pmdec_corr,dec_parallax_corr,dec_pmra_corr,dec_pmdec_corr,parallax_pmra_corr,parallax_pmdec_corr,pmra_pmdec_corr,astrometric_n_obs_al,astrometric_n_obs_ac,astrometric_n_good_obs_al,astrometric_n_bad_obs_al,astrometric_gof_al,astrometric_chi2_al,astrometric_excess_noise,astrometric_excess_noise_sig,astrometric_params_solved,astrometric_primary_flag,astrometric_weight_al,astrometric_pseudo_colour,astrometric_pseudo_colour_error,mean_varpi_factor_al,astrometric_matched_observations,visibility_periods_used,astrometric_sigma5d_max,frame_rotator_object_type,matched_observations,duplicated_source,phot_g_n_obs,phot_g_mean_flux,phot_g_mean_flux_error,phot_g_mean_flux_over_error,phot_g_mean_mag,phot_bp_n_obs,phot_bp_mean_flux,phot_bp_mean_flux_error,phot_bp_mean_flux_over_error,phot_bp_mean_mag,phot_rp_n_obs,phot_rp_mean_flux,phot_rp_mean_flux_error,phot_rp_mean_flux_over_error,phot_rp_mean_mag,phot_bp_rp_excess_factor,phot_proc_mode,bp_rp,bp_g,g_rp,radial_velocity,radial_velocity_error,rv_nb_transits,rv_template_teff,rv_template_logg,rv_template_fe_h,phot_variable_flag,l,b,ecl_lon,ecl_lat,priam_flags,teff_val,teff_percentile_lower,teff_percentile_upper,a_g_val,a_g_percentile_lower,a_g_percentile_upper,e_bp_min_rp_val,e_bp_min_rp_percentile_lower,e_bp_min_rp_percentile_upper,flame_flags,radius_val,radius_percentile_lower,radius_percentile_upper,lum_val,lum_percentile_lower,lum_percentile_upper,pf,pf_error,p1_o,p1_o_error,p2_o,p2_o_error,p3_o,p3_o_error,epoch_g,epoch_g_error,epoch_bp,epoch_bp_error,epoch_rp,epoch_rp_error,int_average_g,int_average_g_error,int_average_bp,int_average_bp_error,int_average_rp,int_average_rp_error,peak_to_peak_g,peak_to_peak_g_error,peak_to_peak_bp,peak_to_peak_bp_error,peak_to_peak_rp,peak_to_peak_rp_error,metallicity_gaia,metallicity_error_gaia,r21_g,r21_g_error,r31_g,r31_g_error,phi21_g,phi21_g_error,phi31_g,phi31_g_error,num_clean_epochs_g,num_clean_epochs_bp,num_clean_epochs_rp,g_absorption,g_absorption_error,best_classification_gaia,Separation
AB UMa,0.59958113,RRab,-0.49,,abuma,,,11.359,0.009,10.912,0.009,,,10.342,0.009,,,,,,,9.596,0.009,9.586,0.008,1635721458409799680,Gaia DR2 1546016672688675200,1546016672688675200,347009797,2015.5,182.81068172451415,0.018032950253833502,47.828760272354856,0.020466394694861736,0.9817610642587079,0.030051141335556683,32.669678,-16.599464360350684,0.027670182990849126,-16.60506448076815,0.03875288454275464,0.32228872,-0.3437578,0.08513955,-0.04000115,-0.16809405,-0.061824538,-0.3079472,-0.08616639,-0.09252151,0.29521075,586,586,547,39,18.50318,1406.6923,0.0,0.0,31,true,378.45,1.6440344424688118,0.005083190159587296,0.037652347,68,19,0.0288515,0,85,true,630,916600.1590872713,4148.851684799363,220.92863,10.782916,62,520675.769696526,8053.527658661255,64.651886,11.05997,66,556205.0936890318,5367.953428330097,103.61586,10.398832,1.1748644,0,0.6611376,0.27705383,0.38408375,-42.61982187411354,3.7837811497149727,15,5750.0,4.5,0.0,VARIABLE,141.04210698900874,67.86141421465553,158.46508866656043,43.87435400682278,100001,6269.0,6162.45,6358.1665,1.646,1.3884,1.829,0.8267,0.7014,0.941,200111,5.1480713,5.0046916,5.3276324,36.87881,35.06275,38.69487,0.5995735454969419,2.863890166710646E-7,,,,,,,1712.6999791451492,4.05015231490914E-7,1712.680500079717,4.05015231490914E-7,1712.6931748718255,4.05015231490914E-7,10.787574892292092,8.372118885610475E-5,11.052949861665663,7.36905710768544E-5,10.39516640492385,1.0877707420911401E-4,0.33258786256070216,4.7690450606199006E-4,0.4228014683882133,5.027918438498111E-4,0.251735559278222,9.23841225547316E-4,,,0.32237950042225966,0.001149326752383969,,,4.483475781955001,0.0052027789577314895,,,70,62,56,0.02367837088380658,0.051154493562150176,RRab,0.3626159914581228
AE Boo,0.31489,RRc,-1.39,,aeboo,,,10.887,0.009,10.64,0.009,,,10.254,0.009,,,,,,,9.75,0.011,9.749,0.011,1635721458409799680,Gaia DR2 1234729400256865664,1234729400256865664,356194283,2015.5,221.89683097784174,0.035067754973253984,16.845267900537564,0.03221529754304923,1.1446100055150976,0.041916711249617614,27.30677,-23.862814610590554,0.0636193607693967,-37.802943180311445,0.07412060418499791,0.060877077,-0.5173183,-0.009939087,0.019224223,-0.22116256,0.035336874,-0.105341345,-0.034545667,-6.51001E-4,-0.16067322,134,134,132,2,9.676499,350.74954,0.0,0.13657533763380425,31,true,262.1355,1.67496760907645,0.009267492644199621,-0.047804095,15,10,0.048237834,0,17,false,143,1041115.4462856422,10501.134712808718,99.143135,10.644618,16,645124.4889085565,24348.4912906621,26.49546,10.827279,15,588380.1279143465,14457.684080884548,40.696705,10.337775,1.1847914,0,0.48950386,0.18266106,0.3068428,,,0,,,,VARIABLE,18.026631752115726,61.26705270155096,213.47721887750507,31.339593115657586,100001,7207.0,7105.0,7391.6665,1.369,1.1332,1.512,0.672,0.5515,0.756,200111,3.5712874,3.395073,3.674563,31.00005,29.333424,32.666676,0.4272096559574595,3.3851963900847156E-6,0.3148882069547664,2.1855683999040586E-7,,,,,1711.01018027733,2.835433165289376E-7,1711.011422682236,2.835433165289376E-7,1711.0133977092519,2.835433165289376E-7,10.564947371177936,3.376252160132143E-4,10.736607992013013,4.597609220466594E-4,10.300950311590423,4.977031710309605E-4,0.4069531795924721,4.7747415948503355E-4,0.4680273444639571,6.502001314075451E-4,0.296745438372092,7.038585745080805E-4,,,0.1638320177830039,0.0033839397534030547,,,4.245803446403663,0.0074497601689235875,,,16,16,15,,,RRd,0.6940060498199747
AM Tuc,0.4058016,RRc,-1.49,,amtuc,,,11.918,0.006,11.626,0.006,,,11.188,0.006,,,,,,,10.6,0.009,10.564,0.009,1635721458409799680,Gaia DR2 4692528057537147136,4692528057537147136,1657301711,2015.5,19.62798128842092,0.035070456199947954,-67.91816504623725,0.022392113242995747,0.5439393259483818,0.027507326484733193,19.774343,23.778387718498763,0.06833378839612879,-27.691357430053205,0.04495212753142797,0.09649555,0.25324914,-0.48896456,-0.2404633,-0.0459857,-0.2134518,-0.29462913,-0.17364615,-0.15620245,0.054487478,205,205,197,8,14.554152,640.23566,0.07751703397972926,2.7020334710932006,31,true,106.424164,1.6976734518802052,0.007437903921170126,-0.09659871,24,17,0.052471027,0,27,false,232,424853.5814620754,3918.136842223972,108.432556,11.617767,25,270154.04005575355,9116.342097659053,29.634039,11.77236,25,248427.2875105557,4980.652733141701,49.87846,11.273922,1.2206119,0,0.49843788,0.15459251,0.34384537,,,0,,,,VARIABLE,299.05907947108494,-49.00599566109154,324.48149511949356,-64.21253139610695,100001,7170.3335,7027.75,7827.25,1.2945,0.9639,1.5227,0.6495,0.4819,0.7681,200111,4.8473797,4.0678725,5.0460687,55.95852,51.255142,60.661896,,,0.40579085326110803,1.4937037308577577E-7,,,,,1700.2052196206996,2.1124160743463324E-7,1700.2002697862047,2.1124160743463324E-7,1700.2064423419713,2.1124160743463324E-7,11.538127798246627,1.746562916870216E-4,11.708643334182563,2.4354459075499966E-4,11.237765566393472,2.4904899398106323E-4,0.41643869030140124,4.8197210939471144E-4,0.48730159245702254,7.455512907993798E-4,0.29341559216397783,7.580411796030635E-4,,,,,,,,,,,25,25,25,,,RRc,0.580903012032723
AN Ser,0.52207144,RRab,-0.07,,anser,,,11.321,0.008,10.935,0.008,,,10.446,0.008,,,,,,,9.799,0.008,9.79,0.009,1635721458409799680,Gaia DR2 1191510003353849472,1191510003353849472,972805715,2015.5,238.37938952521603,0.028877394176278316,12.961103453571042,0.021058611582479316,0.9509545234623422,0.04460044696503721,21.321636,0.05503423966940657,0.049091409806949995,-9.070236914403377,0.0374263987428775,0.1923128,-0.49190184,0.15717831,0.10196328,-0.12142199,0.08377325,0.11149369,-0.19947973,-0.11428437,0.3899814,297,297,284,13,16.133642,858.56525,0.0637878941373206,2.204916824620357,31,true,126.870384,1.671395117221912,0.006948626629749017,-0.0014859511,35,13,0.033909503,0,45,false,381,720602.8688862567,8732.088064807733,82.523544,11.044126,38,441997.9674374536,21286.838224030034,20.763908,11.237838,38,470098.54171869333,14015.61563345087,33.541054,10.581448,1.2657409,0,0.6563902,0.19371223,0.46267796,-22.623005055763375,6.31466455808246,17,6250.0,4.5,0.0,VARIABLE,23.802690691392375,45.23210285372415,232.75971552650628,32.403222919642225,100001,6568.0,6246.0,7125.2,1.7245,1.421,1.8961,0.856,0.72,0.9515,200111,4.287473,3.6431208,4.7409325,30.819822,28.738028,32.90162,0.5220603483675927,1.3677104378016197E-7,,,,,,,1713.6558214528138,1.934234650538294E-7,1713.654026935259,1.934234650538294E-7,1713.6734657166046,1.934234650538294E-7,10.84660532366209,2.0131916912575213E-4,11.05079994508366,3.9930921704255584E-4,10.494377346445493,1.9722473432238165E-4,0.8968389409484168,9.781269179644301E-4,1.1901305640497135,0.0017201552286408538,0.646117829701776,7.800340220933854E-4,-0.24514049719324404,0.21694543437393257,0.49394253749028605,6.866111440594199E-4,0.2616211331018855,0.0011727211447440395,4.277615035293327,0.0017265308740063833,2.631566523195978,0.0034365257062333406,37,33,35,0.029284945026508215,0.05164689614589703,RRab,0.13157768778260354
AV Peg,0.3903747,RRab,-0.08,,avpeg,11.091,0.02,10.862,0.008,10.471,0.008,10.243,0.02,9.971,0.008,9.575,0.02,,,9.324,0.009,9.328,0.009,9.322,0.008,1635721458409799680,Gaia DR2 1793460115244988800,1793460115244988800,240009346,2015.5,328.0117102357348,0.025721843492390047,22.574790302036245,0.02952314649175136,1.46354746680814,0.03202894410606014,45.694527,14.154876631016094,0.0521491294952751,-8.481133375645024,0.054866544022617376,0.14259411,0.30787933,-0.10284798,-0.241274,-0.05133061,-0.16359156,-0.13448027,-0.07460387,-0.31200635,-0.074900545,159,159,153,6,10.135219,398.52792,0.0,0.44295149575359105,31,true,338.74722,1.6502823845249686,0.006264540531549412,0.13344757,18,9,0.039042983,0,19,false,168,1136775.805029946,20571.023729245517,55.26102,10.549179,17,672403.7381486355,44785.164676553715,15.013984,10.782313,18,722941.9719806083,33404.02939422752,21.642359,10.1141615,1.2274591,0,0.66815186,0.23313427,0.4350176,,,0,,,,VARIABLE,77.44301323852211,-24.053692857696117,339.2901112646212,33.14682749570159,100001,6515.7427,6186.0,6779.6665,,,,,,,200111,3.555577,3.2841372,3.9447377,20.529133,19.732756,21.32551,0.39036841929002974,1.325852108188563E-7,,,,,,,1765.446957936136,1.8750380331012262E-7,1765.4394777044604,1.8750380331012262E-7,1765.4411087641643,1.8750380331012262E-7,10.472102847748697,2.4219906566598913E-4,10.692427696934706,2.655412875331357E-4,10.069281828843753,2.2632700828469323E-4,0.7699441529351585,0.001371301969084492,0.9128932515144506,0.0011413997762401169,0.6124775161984921,0.0010598188166720834,,,0.7183942992294977,0.002620250997400276,,,4.299468261745908,0.006578048473690938,,,17,16,18,0.27732262138640956,0.051927076669598414,RRab,0.27374198932370736
BB Pup,0.48054884,RRab,-0.6,c,bbpup,12.764,0.02,12.586,0.007,12.159,0.007,11.887,0.02,11.602,0.007,11.201,0.02,10.993,0.013,10.883,0.009,10.875,0.011,10.873,0.011,1635721458409799680,Gaia DR2 5707380936404638336,5707380936404638336,1355097120,2015.5,126.09429344685816,0.030552096451060464,-19.542061005468828,0.031761289246200836,0.5852209955042166,0.037948907223732876,15.421288,-11.790638582048079,0.0594191670672662,-0.8383824624396728,0.055765866012771906,-0.051350843,-0.18500255,-0.5194217,0.061746735,0.040406693,0.077911556,-0.60702354,0.25256988,0.036503203,0.016617268,188,188,186,2,7.483596,362.92358,0.0,0.0,31,false,335.48364,1.6454728658911755,0.00794366956011035,0.02645388,21,13,0.04142569,0,23,false,205,256396.82052433107,4293.443134570884,59.718227,12.166084,22,153182.71393105513,10454.016320555864,14.653001,12.388364,23,166289.82285786216,6540.740780772791,25.423698,11.709756,1.2460082,0,0.67860794,0.22227955,0.4563284,,,0,,,,VARIABLE,241.2806277581148,10.273657187050171,134.46694878781682,-37.5753691344286,100001,6736.6665,6246.0,7149.5,,,,,,,200111,3.9511409,3.5080135,4.596303,28.968094,26.136215,31.799973,0.48055042819514937,1.0197457207249688E-7,,,,,,,1761.655762787357,1.4421382284211776E-7,1761.6575674044936,1.4421382284211776E-7,1761.6600547917612,1.4421382284211776E-7,12.050831479387515,1.1632107684233953E-4,12.293863029645287,2.868612513331352E-4,11.662356854837734,2.448125430052274E-4,0.8361554307736352,7.136952077654553E-4,1.0026978957593382,0.001889786419711085,0.6146104768133309,0.0019451253560447924,-0.3060541482170862,0.21694739999632448,0.5243723202567743,0.0011214993407070875,0.29689850473866697,8.058214463717501E-4,4.199524355651043,0.001877656127950034,2.3624222751894055,0.0032128826347739016,23,22,23,0.16808840862254534,0.051712870739381384,RRab,0.2597414242417991
BX Leo,0.362755,RRc,-1.28,,bxleo,,,11.831,0.006,11.584,0.006,,,11.21,0.006,,,,,,,10.678,0.009,10.67,0.009,1635721458409799680,Gaia DR2 3972712536822542336,3972712536822542336,1478730894,2015.5,174.50847394173036,0.03437550112668039,16.543328471386328,0.03172127805822832,0.5942697178968246,0.04064028504442668,14.622676,-26.864312333330865,0.0740002896842065,-13.853722403560171,0.060467597100440876,-0.20588668,-0.19210398,0.25194207,0.16032647,-0.12548442,0.12148101,0.06848577,0.14627692,-0.29229978,-0.25087428,161,161,161,0,9.321402,384.1505,0.0,0.0,31,true,370.53412,1.696640460565557,0.006147019630297707,-0.096434474,18,10,0.0498784,0,26,false,222,459200.2676880984,4304.820009625109,106.67119,11.5333605,23,291352.71082062036,10045.125677931655,29.004387,11.69034,23,252510.95326935188,5203.479512640315,48.52733,11.25622,1.1843714,0,0.43412018,0.15697956,0.27714062,,,0,,,,VARIABLE,241.07844296074953,69.98406135908323,168.31015273177064,12.988377012642376,100001,7883.0,7553.0,8247.0,,,,,,,200111,3.8924966,3.5564713,4.240063,52.712948,47.44441,57.981487,0.49942742099740717,6.331839574969255E-6,0.3627377831979252,2.8977822034874845E-7,,,,,1666.4687882752771,3.111453112397438E-7,1666.471271664005,3.111453112397438E-7,1666.4749835319963,3.111453112397438E-7,11.527519483343518,3.363969522372367E-4,11.66948915230347,2.2066038956250545E-4,11.252603005105296,3.6839244623474376E-4,0.37574376918487573,4.7573713219487446E-4,0.4345398824837474,3.1206091559782576E-4,0.28373664795347864,5.209855937409759E-4,,,0.08886846529610848,0.0017493435857030351,,,5.596193798291715,0.016305334782964465,,,21,23,23,,,RRd,0.48816959323041864
CU Com,0.4057605,RRd,-2.38,d,cucom,,,13.654,0.009,13.346,0.009,,,12.873,0.009,,,,,,,12.265,0.009,12.25,0.009,1635721458409799680,Gaia DR2 3952883463090843520,3952883463090843520,1486904966,2015.5,186.1941961904945,0.022882245038466455,22.40778126255947,0.01833649798838834,0.227573891360042,0.0321527407093516,7.0779004,-2.013111333546196,0.04887349784493567,-14.874686750753472,0.037185276929348185,-0.22983856,-0.26129845,0.16995686,0.15009537,-0.15397377,0.07119714,0.23132685,0.0021196054,-0.46928158,-0.32997245,220,0,219,1,4.9816713,333.59454,0.10583589363107299,2.973099471791773,31,false,50.829227,1.6857218014208748,0.00540013843145552,0.05931053,25,12,0.054246176,0,31,false,274,96183.48652063057,705.3804232233098,136.3569,13.230615,30,60675.78649895286,1716.659159691628,35.345272,13.393849,29,55249.82989705325,999.1722814341249,55.2956,12.906093,1.2052549,0,0.48775673,0.16323471,0.32452202,,,0,,,,VARIABLE,249.4470134784718,82.32731018025031,176.25809690110813,22.918382741476194,100001,7592.0,7168.0,8005.6665,,,,,,,,,,,,,,0.5442055622021066,3.543164315446101E-7,0.4057603856225093,1.491765778482869E-7,,,,,1674.6551899787562,1.812666984811235E-7,1674.646189380376,1.812666984811235E-7,1674.658065165132,1.812666984811235E-7,13.237366643437795,9.012228552040771E-5,13.38979894659527,4.692595445609623E-4,12.91048177063768,4.336138722549277E-4,0.4370094873076411,1.2745215845502098E-4,0.5351457034765605,6.636332121911347E-4,0.3279621008309874,6.132226189760335E-4,,,,,,,,,,,30,27,25,,,RRd,0.18137461171518873
DX Del,0.47261673,RRab,-0.39,,dxdel,,,10.359,0.007,9.927,0.007,,,9.367,0.007,8.997,0.02,8.818,0.013,8.709,0.009,8.65,0.009,8.637,0.008,1635721458409799680,Gaia DR2 1760981190300823808,1760981190300823808,126822611,2015.5,311.86820684650934,0.026135931751962462,12.464109033304622,0.023670667101904932,1.6849267079093464,0.03229452448325535,52.17376,13.230405161333195,0.05335639932378603,7.105699071518881,0.03643851301792436,0.14446339,0.184934,-0.27836257,-0.13127778,0.13860527,-0.10724516,-0.8422369,-0.2776766,0.0011525117,0.021974558,427,427,414,13,14.389212,972.8184,0.0,0.0,31,true,284.29855,1.6226925418307847,0.004859061867994968,0.0735376,48,13,0.037766326,0,48,true,427,2034795.1491162938,15682.972689973662,129.7455,9.917064,45,1124426.2821119376,31818.065697178932,35.33924,10.224061,45,1280106.2410151812,23310.586152036652,54.915234,9.493805,1.1817074,0,0.7302561,0.3069973,0.42325878,-40.58245008308064,7.054367332796529,14,6250.0,4.5,0.0,VARIABLE,58.46979576991342,-18.844886702963457,318.26845794216445,29.16026782159226,100001,6180.6665,6068.6504,6380.0,,,,,,,200111,4.602092,4.319013,4.773552,27.844954,26.983292,28.706615,0.4726110284945954,1.9004026104738384E-7,,,,,,,1761.19041448272,2.6875751457013366E-7,1761.1826677809895,2.6875751457013366E-7,1761.1879595431194,2.6875751457013366E-7,9.808186489789197,1.2308715608739664E-4,10.031274446766282,7.729308868283847E-4,9.404042788630708,5.424205052826016E-4,0.64751776727182,5.33118091447835E-4,0.9464732045085427,0.0031322453156113817,0.5973813553418736,0.002605150344302593,-0.16532847791834726,0.21693517684772037,0.4929949624328547,7.092326670805698E-4,0.28604743632312163,8.401551918725735E-4,4.288737734652294,0.001907792538192094,2.4788906162787274,0.0030786052579857056,48,39,39,0.19562388552758825,0.051647646400894476,RRab,0.2255085717658104
HK Pup,0.7342073,RRab,-1.11,,hkpup,,,11.761,0.005,11.312,0.005,,,10.707,0.005,,,,,,,9.88,0.008,9.851,0.008,1635721458409799680,Gaia DR2 3030561879348972544,3030561879348972544,244073211,2015.5,116.19509748167224,0.02863120291167883,-13.098977985209292,0.025938906919042184,0.7000812978042014,0.03968672068399423,17.64019,19.344107704970185,0.060113435286025425,-0.6487822056624478,0.05232554291872633,-0.19100834,0.18390699,0.22552998,-0.058528796,-0.07787963,-0.046732917,0.1585027,0.3145498,-0.18188152,-0.26938897,212,212,206,6,6.475297,359.8047,0.0,0.0,31,true,400.24774,1.6251878167956944,0.007064418390720442,-0.08693293,24,12,0.0423182,0,27,false,229,579115.3156313759,6123.336474140705,94.57513,11.281453,26,339148.5350701599,14239.841769524235,23.816875,11.5254135,25,378660.0544725367,9720.316549353456,38.95553,10.816297,1.2394916,0,0.70911694,0.24396038,0.46515656,196.40320519890162,4.803094276655064,4,6250.0,4.5,0.0,VARIABLE,230.72429615013522,5.543251065150205,121.13712203483489,-33.749925176575566,100001,6094.6553,5911.1,6435.7,1.625,1.1663,1.8785,0.8187,0.5456,0.9621,200111,6.083837,5.4561243,6.4675417,46.009388,42.156654,49.86212,0.7342215959073944,3.8533629921400076E-7,,,,,,,1758.470091265671,5.449478204230969E-7,1758.52044597876,5.449478204230969E-7,1758.4954983535417,5.449478204230969E-7,11.183582105961122,1.574091175826547E-4,11.434525805605498,3.426878645926583E-4,10.76280842758119,3.611039382116642E-4,0.5702216067413719,5.376613653685766E-4,0.7457619310746786,0.0012953125072810569,0.47460740871352414,0.0017152929293515727,-0.4184756223711723,0.2170687741849001,0.41744328501446504,0.0013538205187356535,0.287954278267779,0.001491909417629953,4.447052289350796,0.003841561128631703,2.9351933154687386,0.004913245683877202,26,22,23,0.09003333902428236,0.05106823455804822,RRab,0.3068251829514741
RR Cet,0.553029,RRab,-1.45,,rrcet,10.146,0.02,10.075,0.006,9.723,0.006,9.476,0.02,9.219,0.006,8.79,0.02,,,8.518,0.009,8.501,0.009,8.489,0.008,1635721458409799680,Gaia DR2 2558296724402139392,2558296724402139392,1029624253,2015.5,23.034102761723616,0.061847507438207175,1.3415398893831534,0.04091377607623545,1.519155711886289,0.07627399245848218,19.917086,11.085401434751283,0.09901825907961558,-44.32537123515063,0.08146669510793707,-0.011943894,0.651404,0.012268298,0.11832522,-0.30976766,0.0059833704,-0.071717314,0.066574045,0.15300635,0.3965958,125,125,120,5,7.585747,271.48633,0.0,0.0,31,true,238.29684,1.6211637994330865,0.013996715434864436,-0.041805185,14,9,0.0599995,0,15,false,107,2374198.4514578558,24607.484332893684,96.48278,9.749573,13,1370127.5122526395,57507.63983601482,23.825138,10.009485,15,1455438.897095183,41999.23368579508,34.65394,9.354435,1.1901138,0,0.6550503,0.2599125,0.3951378,-63.36938781061437,9.133319696851208,6,6250.0,3.0,-1.5,VARIABLE,143.54442804138372,-59.89143197891639,21.812048166904912,-7.707677372743142,100001,6170.0,6000.0,6458.44,1.531,1.1319,1.782,0.777,0.5525,0.8981,200111,5.5333405,5.050129,5.8513384,39.976994,37.426502,42.527485,0.5530412831877256,3.9405863947760525E-7,,,,,,,1699.4610912748515,5.572830723195193E-7,1699.5045663811968,5.572830723195193E-7,1699.5001921973787,5.572830723195193E-7,9.615515625664258,3.5261338260621477E-4,9.93546506206812,7.726070545547828E-4,9.314200041427775,7.766270449619081E-4,0.5959809760624317,9.231339566939808E-4,0.43839022682554685,0.0028217060890380983,0.33603009277443974,0.00290602506545667,,,0.341847698446068,6.815862698449035E-4,,,3.981083763315545,0.002361855645944646,,,14,12,12,,,RRab,0.7102529038737602
RU Scl,0.493355,RRab,-1.27,,ruscl,,,10.555,0.004,10.238,0.004,,,9.805,0.004,,,,,,,9.172,0.009,9.148,0.009,1635721458409799680,Gaia DR2 2336550174250087936,2336550174250087936,1690885885,2015.5,0.7006835451981009,0.04506702470227187,-24.94537589591756,0.037695933696693745,1.0760179975967854,0.07251296871281401,14.838973,49.94221005154387,0.09170005555933534,-17.81493167522339,0.0755138071142957,-0.024960417,0.15603773,0.25163326,-0.13647717,-0.5624891,-0.030772112,0.46651843,-0.046302855,-0.62103623,0.158798,184,184,180,4,14.255105,598.58484,0.06436851392148304,1.464307175686666,31,true,112.577194,1.6687324468054492,0.01150192615538328,-0.07489137,21,10,0.053503215,0,28,false,176,1313728.9578501158,11925.28994539049,110.16327,10.392101,20,771252.5063013037,22256.65323355785,34.65267,10.633397,21,809618.2177305302,22588.33299750565,35.84232,9.9912195,1.2033461,0,0.6421776,0.24129581,0.40088177,69.13787069749506,9.989438101627886,6,6000.0,2.5,-1.0,VARIABLE,41.51215337798215,-78.8642288855892,350.1394844468102,-23.039302685747447,100001,6643.25,6389.0,6884.0,1.5145,1.294,1.721,0.768,0.6509,0.885,200111,5.00104,4.6573596,5.406992,43.887188,40.12363,47.650745,0.4933575911909449,3.5421386275269553E-7,,,,,,,1668.264460112975,5.009340486854241E-7,1668.3136509330843,5.009340486854241E-7,1668.3408833147826,5.009340486854241E-7,10.133293518779979,9.268266774540921E-4,10.456834506580977,0.0015503589788792588,9.919933864846932,5.466714447845219E-4,0.7636566739856736,0.0014665287869811445,0.5766749040225125,0.003203811034877018,0.3789207769304177,0.001376095679523592,-1.0278099151339788,0.21741764141138498,0.32756956392797326,0.0015015024780870598,0.12683847085502487,0.0015581027949366924,3.8960108478666697,0.003767816624047519,1.8944465755184243,0.009269150211317127,19,16,16,,,RRab,0.7791629952278316
RV CrB,0.33168,RRc,-1.69,,rvcrb,,,11.618,0.008,11.383,0.007,,,11.012,0.007,,,,,,,10.493,0.008,10.47,0.009,1635721458409799680,Gaia DR2 1317846466364172800,1317846466364172800,1187321893,2015.5,244.8575994556835,0.02311797858031431,29.71311724259268,0.028744011419801957,0.646572900172126,0.033545415933577245,19.274553,-23.457501297490126,0.0549525973842093,-26.863901679270523,0.05979390240832814,0.17942819,-0.0046602017,-0.34362814,-0.115577936,0.08920524,-0.14051253,-0.39824304,-0.29308897,-0.23767976,0.27375105,301,301,288,13,21.104546,1138.8751,0.1212852373906474,8.500182376232866,31,true,52.378246,1.6921316011973113,0.005968096497487493,0.061524063,35,17,0.045664538,0,37,false,324,531396.2475772855,4796.189210734426,110.79552,11.37482,34,340568.4228012426,11608.730111023247,29.337267,11.520877,34,295947.3798921002,6190.125942363598,47.80959,11.083883,1.1978177,0,0.4369936,0.14605713,0.29093647,,,0,,,,VARIABLE,49.01346706178947,44.58125586055469,234.85619516342916,50.13002249353393,100001,7596.0,7117.18,7992.0,,,,,,,200111,4.100209,3.703949,4.670464,50.42508,46.359535,54.490623,,,0.3316910348684545,5.022028973478585E-8,,,,,1718.895978728447,7.102221484924047E-8,1718.882026594977,7.102221484924047E-8,1718.9000253390448,7.102221484924047E-8,11.327963097120936,3.100495934740579E-4,11.469189134068356,1.7789643510368922E-4,11.064550499389284,1.3638779435228078E-4,0.47642917501329407,6.971132657678638E-4,0.578633690799295,0.001155020444466875,0.361223527138403,0.0011251321613538054,-1.9274140500363275,0.23858702586512995,0.17877468660289544,0.001965987044884652,0.1023737654946017,0.0017511658608029674,4.604703804379703,0.009707317825722013,2.5495480782791393,0.016344369665566752,35,34,34,,,RRc,0.5539234504866294
RV Oct,0.5711625,RRab,-1.71,,rvoct,,,11.386,0.007,10.953,0.007,10.68,0.02,10.335,0.007,9.863,0.02,9.61,0.013,9.49,0.009,9.492,0.011,9.48,0.011,1635721458409799680,Gaia DR2 5769986338215537280,5769986338215537280,923348946,2015.5,206.63074208528943,0.024758920533289368,-84.40170794711631,0.02523581894569357,1.011531962561795,0.02929311578330021,34.531387,-34.39857518599725,0.043895914037310246,15.22564594386643,0.04915008769957448,0.17076798,-0.29069525,-0.4150004,-0.19256493,-0.3072801,-0.056584068,-0.484498,0.043707505,0.52400327,0.13979436,232,232,224,8,13.528539,640.30865,0.0,0.7012352729598693,31,true,328.88046,1.640982562765786,0.007300747393529318,-0.053724248,27,17,0.039088126,0,32,false,267,782971.9230845043,13755.731678370006,56.919685,10.954,28,474405.7422845637,31944.535310002942,14.85092,11.161014,28,540191.9418614112,23224.495638079075,23.259577,10.43055,1.2958289,0,0.730464,0.20701313,0.52345085,,,0,,,,VARIABLE,304.36392445943204,-21.68376317937064,258.6895048409692,-63.60007808637348,100001,6298.6396,5962.0,6796.1396,1.8155,1.414,1.9896,0.9187,0.745,1.027,200111,4.5735235,3.9284375,5.1045856,29.660849,28.178116,31.143581,0.5711583984436129,6.604340485954425E-8,,,,,,,1699.3240589143027,9.339947885766465E-8,1699.3203228409764,9.339947885766465E-8,1699.8609654249246,9.339947885766465E-8,10.841240119887651,1.262523743420272E-4,11.104099344247814,1.5576073655266192E-4,10.383982467394004,2.119391203502588E-4,1.0500570408477738,6.669811276444912E-4,1.1694900339837684,6.17890525671195E-4,0.6605417539674114,8.797172661951512E-4,-1.3530672869668514,0.2170166744067357,0.6237218691939929,7.168336426179914E-4,0.42484882450809974,8.374553845460324E-4,4.0760645249487695,0.002014717153741294,2.044202405544036,0.0032833684064077244,30,28,24,0.38168404375253745,0.05165050865037746,RRab,0.581231315622034
RV UMa,0.46806,RRab,-1.2,,rvuma,,,10.979,0.021,10.711,0.021,,,10.336,0.021,,,,,,,9.755,0.009,9.74,0.009,1635721458409799680,Gaia DR2 1561928427003019520,1561928427003019520,463034332,2015.5,203.32514964823073,0.02182849590012645,53.9872040792845,0.019959079311616116,0.9226776601554264,0.0277293177259507,33.274445,-27.321369782537488,0.038557459337581645,-42.93886591195106,0.03962042132330432,0.012983964,-0.405759,-0.21327415,0.12569603,0.1907079,-0.00851324,-0.09965643,-0.023424448,-0.31345385,0.09112266,300,300,291,9,15.186455,823.305,0.0,0.0,31,true,337.2831,1.66324736600582,0.006246187947493783,0.023089198,35,19,0.0300144,0,50,false,383,853835.8216761956,9104.755303567945,93.779106,10.85993,39,505592.57739211846,17090.429825328738,29.583374,11.0918865,44,513754.34055998776,13293.850973010765,38.64601,10.485031,1.1938442,0,0.6068554,0.23195648,0.3748989,-169.9326262345264,6.864544659719786,11,6250.0,4.5,0.0,VARIABLE,109.75715626847077,62.05722548100081,168.67174050208953,56.58902754844885,100001,6765.0,6602.7773,6918.0,1.578,1.1574,1.813,0.795,0.5799,0.9151,200111,4.5354567,4.337061,4.7610564,38.81575,36.850006,40.781494,0.46805542756756113,4.37297902465193E-8,,,,,,,1666.2630085599867,6.184326244635828E-8,1666.2543916338352,6.184326244635828E-8,1666.2736889224068,6.184326244635828E-8,10.693262833428683,1.647341440009987E-4,10.890790239703993,1.718905419815268E-4,10.41217126969621,1.497479910204534E-4,1.022033415448746,8.513998222300257E-4,0.9983007786407097,8.491998606296186E-4,0.5644892217969222,6.735275472447123E-4,-0.9002828245409589,0.21695822976035387,0.5167615045711544,4.3998334964186366E-4,0.33517077708199816,5.870129071420452E-4,4.032917541250292,0.0014004315194164265,1.8440565031363807,0.00252246132591942,43,41,41,,,RRab,0.7923541381173344
RX Eri,0.58724622,RRab,-1.33,,rxeri,10.184,0.02,10.083,0.003,9.675,0.003,9.411,0.02,9.12,0.003,,,,,8.358,0.009,8.336,0.009,8.312,0.008,1635721458409799680,Gaia DR2 2981136563930816128,2981136563930816128,1592121113,2015.5,72.43447804636894,0.021213104383718547,-15.741221280014509,0.021211365841739764,1.6231508769520144,0.030663027067728856,52.935116,-15.671701838233108,0.042089586907728245,-9.988501139497902,0.042125572107829856,0.44684714,0.13852493,-0.18504387,-0.45898435,-0.012581155,-0.43966737,-0.4434954,0.2516044,-0.0027455168,0.40980467,344,344,329,15,12.695388,765.3455,0.0,0.0,31,true,248.61847,1.6355835922558921,0.00606965242934767,0.0026705235,39,15,0.037026145,0,43,true,366,2576474.688047899,26425.74286373482,97.498665,9.660801,36,1472752.4913134817,54270.16682226064,27.137423,9.931064,41,1615761.286189275,39035.05430258548,41.39257,9.240977,1.1987363,0,0.69008636,0.27026272,0.41982365,84.8563877834906,6.520356499764737,15,6500.0,3.5,-1.5,VARIABLE,214.25665502892616,-33.88318516403186,68.40858136582798,-37.87303737336648,100001,6365.0,6307.0,6418.3335,1.567,1.2443,1.8071,0.792,0.6316,0.917,200111,5.0607243,4.9769692,5.1542306,37.871605,36.66888,39.07433,0.5872515854877596,1.044980460936211E-7,,,,,,,1730.9292280833401,1.477825540270878E-7,1730.9577196651833,1.477825540270878E-7,1730.942575877648,1.477825540270878E-7,9.555471861328513,1.6490228400028526E-4,9.842210978254043,8.082329627318223E-4,9.171402233491788,3.0410292866132806E-4,0.8232642894260387,9.633219557430328E-4,0.8027087907884702,0.0035514418115465255,0.6325473988081356,0.0016736444896464687,-1.093501988984702,0.21699313788633995,0.5352680335203224,8.017150380864974E-4,0.35762982043532404,8.013155272643272E-4,4.121132733725169,0.001312402672361409,2.2357877133739184,0.003010277789142675,40,26,34,0.08286556607791008,0.051475438932320754,RRab,0.2902483135264498
ST Boo,0.622286,RRab,-1.76,,stboo,,,11.265,0.012,10.94,0.012,,,10.484,0.012,,,,,,,9.834,0.009,9.816,0.009,1635721458409799680,Gaia DR2 1374971554331800576,1374971554331800576,1067122848,2015.5,232.6633688016395,0.036142249547539036,35.784482213688115,0.04136198978300264,0.7385594541180772,0.05250889765525983,14.065415,-17.01114887648206,0.0804398924008438,-11.519515824951442,0.07952263498067656,0.061277136,-0.14061919,0.09136685,0.20823772,0.28714558,0.122189395,-0.3031462,-0.1306477,-0.20056294,0.25599396,148,148,135,13,10.520174,382.74173,0.07939277762047749,2.430279728775811,31,true,108.32724,1.6651839488210656,0.01174829920468235,0.057876524,17,11,0.054014042,0,21,true,180,686303.631787198,11994.085122236684,57.220173,11.0970745,18,437046.7053851137,30692.786620991596,14.239395,11.250069,17,432527.4252481325,21047.735838228313,20.549831,10.6718855,1.26704,0,0.5781832,0.15299416,0.42518902,,,0,,,,VARIABLE,57.3926093745949,55.21348955563566,216.13022230686227,52.471405010486066,100001,6876.0,6299.7007,7281.0,1.635,1.1776,1.8286,0.8227,0.6447,0.9277,200111,4.919987,4.387869,5.861326,48.749046,43.968346,53.529747,0.5519245009992508,1.875919008049455E-7,,,,,,,1717.997990892921,2.652950103097023E-7,1717.9788091239068,2.652950103097023E-7,1718.0297806935346,2.652950103097023E-7,10.928684881161333,2.5520924573337863E-4,11.229082858581593,3.070798258740889E-4,10.658282029273046,2.920198625381278E-4,0.7017557712630467,8.066363746815836E-4,0.5397468133991126,0.0010275612390160695,0.35369134089364707,9.311528325569107E-4,,,0.27744497786066663,9.713584441256295E-4,,,3.4970196013495,0.003784664976639237,,,17,14,13,,,RRab,0.31706344282452775
ST CVn,0.329045,RRc,-1.07,,stcvn,,,11.591,0.01,11.337,0.01,,,10.949,0.01,,,,,,,10.437,0.009,10.413,0.009,1635721458409799680,Gaia DR2 1453674738379109760,1453674738379109760,992749007,2015.5,209.39182737713304,0.023359338637694866,29.85792648835402,0.023044423406530644,0.7676243596489962,0.031498013036693064,24.370565,-17.391291332981442,0.05643751176338793,-11.649279898511447,0.04110599646816222,-0.16136894,-0.119664915,-0.26932192,-0.009743575,0.078207746,-0.07958525,-0.4044174,-0.1850504,-0.036457896,-0.19181061,315,315,295,20,13.240485,738.78143,0.0,0.06598600061596983,31,true,433.64795,1.689427924534455,0.006254213150419978,4.0036353E-5,36,16,0.04015619,0,44,true,370,538113.7661113428,3390.952840384174,158.69102,11.36118,35,353965.55765467143,8980.768116375604,39.413727,11.478986,36,311110.4331687128,4890.753393047186,63.611965,11.0296335,1.2359394,0,0.44935226,0.11780548,0.33154678,,,0,,,,VARIABLE,47.46441034213809,75.22984890161187,194.29078618687765,38.76129331480884,100001,7292.0,7050.0,7844.0,,,,,,,200111,3.7447908,3.236277,4.0062923,35.722057,33.400024,38.04409,,,0.32902919421519605,1.1213613692266536E-7,,,,,1693.5626486942992,1.5858444566815974E-7,1693.566603982798,1.5858444566815974E-7,1693.5663623383107,1.5858444566815974E-7,11.294199917569667,1.5526509459486715E-4,11.45697940134491,1.550912009541302E-4,11.022104416930317,1.809206859541093E-4,0.366980178796549,4.850524926974355E-4,0.4273459114704181,0.00216111424923669,0.2732310756228191,0.0015362725281946237,,,,,,,,,,,37,35,36,,,RRc,0.32195425447002507
SV Hya,0.4785428,RRab,-1.5,,svhya,10.941,0.021,10.849,0.006,10.538,0.006,,,10.059,0.006,,,,,,,9.367,0.008,9.348,0.009,1635721458409799680,Gaia DR2 3499611306368945536,3499611306368945536,1436755187,2015.5,187.62692172930417,0.03698235481231875,-26.047465542847902,0.039707595960970524,1.2076288635164631,0.05156092223131613,23.421398,-36.49239978369148,0.07407301022973851,15.265059961123324,0.06274773683438632,-0.34321252,-0.28295562,-0.41074842,0.24064843,-0.20463207,0.3896801,-0.8659232,-0.06215841,0.31358135,-0.49908912,293,293,277,16,15.058645,794.72656,0.0,1.042374249874756,31,true,286.92224,1.6644259979790048,0.007624945959913371,-0.011565836,33,12,0.05544376,0,33,true,292,1113199.4458136966,18117.063027061296,61.44481,10.571934,31,660476.7602585299,42222.71661272521,15.642688,10.801744,32,665153.2902224053,24879.809947365233,26.734661,10.204616,1.1908289,0,0.59712887,0.22981071,0.36731815,,,0,,,,VARIABLE,297.0751717232107,36.5861516086807,197.69317703971706,-20.820967403367494,100001,6678.3003,6532.0767,6883.0,,,,,,,200111,4.059125,3.8212793,4.24289,29.527273,27.742441,31.312105,0.4785274664002498,1.1672575389683136E-7,,,,,,,1695.0332941545423,1.6507514423912307E-7,1695.0475087621865,1.6507514423912307E-7,1695.0528637023392,1.6507514423912307E-7,10.440881050415062,1.535385181991741E-4,10.651556737784318,1.4386693005468836E-4,10.120078682198985,1.3849907287180694E-4,1.0672932237142323,0.0013351278785892126,1.2976592850334896,8.624300237779677E-4,0.8171797647605352,8.440587800426577E-4,-0.9343713534431046,0.21702295364644383,0.4574221635015997,0.001331399662036574,0.29061446238831207,6.896130976079728E-4,3.89523239928058,0.0012224014242405842,1.8769670427462248,0.004591201368265839,33,28,30,-0.015371808294526513,0.051824892295530445,RRab,0.6215310846654389
SV Scl,0.377356,RRc,-1.77,,svscl,,,11.579,0.004,11.368,0.004,,,11.007,0.004,,,,,,,10.506,0.009,10.502,0.009,1635721458409799680,Gaia DR2 5022411786734718208,5022411786734718208,975713950,2015.5,26.248585704442235,0.028904057636800266,-30.059427694563286,0.024150354037423986,0.5014196394051259,0.03905166368033055,12.839905,-1.8288642668266082,0.07508341262183,-35.585481094560635,0.04398468063235309,0.13381675,0.08266494,-0.35377494,0.017752044,-0.053174976,0.10194802,-0.061239913,0.235033,-0.1356563,0.19154243,325,325,312,13,18.474964,1028.5496,0.07710554531519703,2.76870357446622,31,true,104.85616,1.6963992845982554,0.007328854780247728,0.056429762,38,15,0.049733363,0,46,false,391,532228.7900264541,4143.474422409619,128.44987,11.373119,41,351291.61445680686,9536.481439193827,36.836605,11.487219,42,297924.80728738237,5052.761459145008,58.96277,11.0766535,1.219807,0,0.41056538,0.1140995,0.29646587,,,0,,,,VARIABLE,230.08575592239367,-77.89232002487117,11.075591055759999,-37.721789550667886,100001,7662.355,7466.25,7943.3335,1.0443,0.776,1.2891,0.5265,0.3693,0.63,200111,5.2108936,4.8487654,5.488222,84.3273,74.63472,94.01988,,,0.3773585967832566,1.4694271452767015E-7,,,,,1690.1410053637317,2.0780837977694915E-7,1690.1409379443794,2.0780837977694915E-7,1690.1398922244232,2.0780837977694915E-7,11.303572003648046,1.7011478345729575E-4,11.444514927377519,1.2134319953146014E-4,11.059381919969631,1.1246547689324155E-4,0.47400114550358197,6.342746584342751E-4,0.5438312682032205,8.741579196790464E-4,0.339814147446889,7.990322920546406E-4,-2.200000189610626,0.2386401929754329,0.15970789573333444,0.00123903092324274,0.05949008418861726,0.0010591120803999713,4.857177582985649,0.00888060940233997,3.0972055117749093,0.02153528596004593,40,41,42,,,RRc,0.5678581801400423
SW Dra,0.56966993,RRab,-1.12,,swdra,10.836,0.02,10.815,0.007,10.471,0.007,10.238,0.02,9.977,0.007,,,,,,,9.303,0.009,9.285,0.009,1635721458409799680,Gaia DR2 1683444631037761024,1683444631037761024,997351483,2015.5,184.44395433290234,0.02745621887609779,69.51058913739072,0.028651584136223793,1.014066110376475,0.02981509921917154,34.01183,-26.95581891630444,0.048633958263286904,-7.316564948769508,0.046573850246951605,0.086876735,-0.17664035,-0.44950604,0.0149588045,-0.17700431,-0.030061617,-0.37637138,0.06476623,-0.23467797,0.11417642,166,166,160,6,10.351616,416.73932,0.0,0.0,31,true,332.2093,1.64174397011759,0.008006653407944027,-0.020416,19,12,0.03722113,0,20,true,175,1172001.071599899,16986.96626121381,68.99413,10.516046,15,674154.5267685417,30050.325784363304,22.434183,10.7794895,17,717306.5226021523,25518.68687822691,28.109068,10.122658,1.1872524,0,0.65683174,0.26344395,0.3933878,-11.844630545694411,8.70751670632637,6,6500.0,4.5,0.0,VARIABLE,127.26688383663384,47.33332072875227,135.10309152420464,60.48513589042955,100001,6363.275,6281.0,6510.315,1.559,1.3909,1.7731,0.784,0.6679,0.885,200111,5.4663343,5.222201,5.6104794,44.137714,41.957233,46.318195,0.569670086853188,4.5026291097841345E-7,,,,,,,1742.638309100516,6.367679153392619E-7,1742.638309100516,6.367679153392619E-7,1742.638309100516,6.367679153392619E-7,10.386039972056349,4.910545429627919E-4,,,,,0.8713952013027537,0.0020531369196656246,,,,,-1.1275779761591416,0.21741973449946078,0.5528930679380628,0.0014500473705987272,0.3322269224622633,0.0014055227271876083,4.224035121052211,0.004109168738141494,2.15621381519466,0.007198499752917842,20,14,13,,,RRab,0.42515467326407236
T Sex,0.3246846,RRc,-1.34,,tsex,10.44,0.02,10.294,0.008,10.032,0.008,9.869,0.02,9.673,0.008,9.325,0.02,,,9.157,0.009,9.141,0.009,9.119,0.008,1635721458409799680,Gaia DR2 3846786226007324160,3846786226007324160,510601594,2015.5,148.36825280784984,0.04194277338743124,2.0572164911436563,0.04758239098579788,1.2466456145459617,0.04437268305342969,28.094889,-18.82588548483225,0.07630776768661374,-23.70312327851468,0.0802919283314487,-0.5181419,-0.44451192,-0.27032584,0.44272292,0.27718586,0.33565277,-0.55432886,0.17255294,-0.32890078,-0.2883756,117,117,114,3,8.49979,287.54907,0.0,0.0,31,true,327.98032,1.6801833090074274,0.00970716776350258,-0.19155169,13,8,0.062375277,0,16,false,142,1851691.1572081523,22516.82558628451,82.235886,10.019444,16,1135047.9349497412,49508.557045875445,22.926298,10.213853,15,1042144.7481149588,28414.02744548134,36.67712,9.7171,1.175786,0,0.49675274,0.19440842,0.30234432,,,0,,,,VARIABLE,235.64302541895287,40.6049179037894,149.80397717419277,-10.110513695080943,100001,7039.33,6945.54,7106.0,1.1407,0.6449,1.4234,0.581,0.3209,0.7074,200111,4.574268,4.488837,4.6986403,46.28744,43.88298,48.691902,,,0.3246803551838941,2.8289033576005353E-7,,,,,1760.8389855453072,4.000673494961463E-7,1760.8389855453072,4.000673494961463E-7,1760.8389855453072,4.000673494961463E-7,9.963566245730442,8.00904958217002E-4,,,,,0.38735939018545373,9.371286286222616E-4,,,,,,,0.14091838514327987,0.002221298596751504,,,5.475565347298037,0.05337573950649336,,,14,11,14,,,RRc,0.46473521674044144
TV Boo,0.31256107,RRc,-2.44,,tvboo,11.23,0.02,11.179,0.009,10.986,0.009,10.838,0.02,10.652,0.009,10.294,0.009,,,10.181,0.009,10.197,0.009,10.179,0.009,1635721458409799680,Gaia DR2 1492230556717187456,1492230556717187456,425114779,2015.5,214.15239839987925,0.019478416446561356,42.359774907555376,0.022771905766838657,0.7467898795468167,0.028452193276454776,26.24718,-4.3330410121086596,0.03993372466403324,-33.74461551434683,0.04365999292230351,0.068991594,-0.07403215,-0.17692505,0.09727213,-0.01793104,0.09960274,-0.2559648,-0.22754247,-0.13546231,0.044223532,345,345,326,19,17.733255,1011.1383,0.07233280705161724,2.708973591369638,31,true,111.64238,1.692522991169942,0.005999036834515037,0.006656922,39,21,0.031956796,0,54,false,433,751316.729797049,5613.478165198127,133.84157,10.998808,45,496695.5371897174,13875.161266979074,35.79746,11.111162,44,409623.3707352255,7093.5395222024845,57.745975,10.730958,1.2063074,0,0.3802042,0.11235428,0.26784992,,,0,,,,VARIABLE,79.72959353668051,66.92304004448211,190.43209341012965,51.554053834475845,100001,7927.0,7595.0,8369.5,1.159,0.874,1.2995,0.581,0.4322,0.644,200111,3.9266002,3.5223732,4.27739,54.848343,51.41236,58.284325,,,0.31256166575864847,5.3631788378580647E-8,,,,,1689.1941439342872,7.58468024993125E-8,1689.1953901196625,7.58468024993125E-8,1689.1967301042798,7.58468024993125E-8,10.911059801724797,1.1603328810933381E-4,11.04095113412383,1.1379112295632783E-4,10.684616223683026,1.357427101151269E-4,0.5112972627114747,6.242876433701517E-4,0.60658246887483,7.474479553689507E-4,0.39574676499507433,7.001273890746731E-4,,,0.2924261277459482,0.0012503800137754414,,,4.324206808485841,0.002580992774838415,,,48,41,39,,,RRc,0.5254837108247552
TW Her,0.399600104,RRab,-0.69,,twher,,,11.554,0.005,11.249,0.005,,,10.817,0.005,,,,,,,10.234,0.009,10.21,0.009,1635721458409799680,Gaia DR2 4596935593202765184,4596935593202765184,364635572,2015.5,268.63002046340915,0.01631812108543477,30.410456127566007,0.021144754427379814,0.8596407806729365,0.023811570543563136,36.10181,3.7335436214111755,0.0347193653640116,-2.4317070727611094,0.04247096700790549,0.14196944,-0.18741302,-0.10541814,-0.09088498,0.1747836,-0.15556784,-0.1685017,-0.26687458,-0.10970809,0.2763336,336,336,321,15,17.72859,1002.6217,0.06359268678292859,2.349995015690625,31,true,140.12724,1.6558673562423396,0.005251314792108751,0.113763206,39,18,0.034626957,0,42,false,357,534290.5223125401,7875.712389849453,67.84028,11.368922,36,349976.63652708806,22873.588029941548,15.300469,11.49129,36,347049.17887181224,13109.43306344747,26.47324,10.910942,1.304582,0,0.580348,0.12236786,0.45798016,9.951103934248446,8.548969962078308,12,6250.0,4.5,0.0,VARIABLE,55.87360844953425,24.801881975122175,267.99739682600296,53.84021398285227,102001,6876.0,6246.0,7416.0,,,,,,,200111,3.7296064,3.2062347,4.5199203,28.013296,26.600746,29.425846,0.39959576574976363,2.2882330725928302E-7,,,,,,,1722.740092837027,3.2360502451314397E-7,1722.7819662498803,3.2360502451314397E-7,1722.7752451225438,3.2360502451314397E-7,11.207633047131207,2.894253613050839E-4,11.527292688021436,3.035923934693649E-4,10.92343235956851,3.167571674084313E-4,1.0769799463595842,0.0012915988029372895,0.7758050945922079,0.0012759159565946619,0.4223158183301958,0.0015084146299038606,-0.17443322478601075,0.21697397610950475,0.5496015362139811,0.0010842015739600838,0.3117850472632777,9.144540215973942E-4,3.934567603888887,0.0015713380149839807,1.9675331713918016,0.004462894225955109,36,27,24,,,RRab,0.08081171007792895
UU Vir,0.4756089,RRab,-0.87,,uuvir,10.986,0.02,10.868,0.007,10.561,0.007,10.348,0.02,10.118,0.007,9.723,0.02,,,9.496,0.009,9.486,0.008,9.48,0.008,1635721458409799680,Gaia DR2 3698725337375614464,3698725337375614464,1038178505,2015.5,182.1459501747075,0.05756510187746824,-0.45676312957435733,0.04635441632465253,1.208632515181156,0.08103697681919055,14.91458,-42.8757951068071,0.12546519092194744,-2.7972345470666653,0.07534713576049748,-0.5959765,-0.023381473,-0.21168485,0.38001192,-0.40815192,0.32482174,-0.3029298,-0.032240074,-0.23435381,-0.41643527,159,159,147,12,8.982227,352.30563,0.0,0.0,31,true,328.1064,1.663278800485465,0.009708205002469961,-0.082742244,18,8,0.0728829,0,25,true,211,1060510.3853496274,17767.526794399397,59.688126,10.624578,17,560446.9664803764,16787.86913701605,33.384045,10.980052,24,640009.9101940137,25252.922001140083,25.343994,10.246453,1.1319615,0,0.7335987,0.35547352,0.3781252,3.2040624251939462,8.98292310831018,11,6500.0,3.5,0.0,VARIABLE,280.7143027667642,60.55311078823306,182.15061690155204,0.43432563360053583,100001,6088.0,5947.0,6153.0,,,,,,,200111,4.779684,4.679233,5.0090184,28.27429,25.874664,30.673916,0.4755842713356998,8.000929941434681E-8,,,,,,,1680.5483395107835,1.13150236347739E-7,1680.5483395107835,1.13150236347739E-7,1680.5483395107835,1.13150236347739E-7,10.515500047049297,1.9693458393875353E-4,,,,,1.0326746922179737,0.0014233488442643328,,,,,-0.22068236996927482,0.21696692566085882,0.6346600984947925,0.0010844102609900027,0.30273964065506836,8.950663600767567E-4,4.296184275783496,0.0019209536067894008,2.427853623233455,0.005282559166287378,24,17,19,,,RRab,0.6849820708301257
UY Cam,0.2670274,RRc,-1.33,,uycam,,,11.685,0.009,11.507,0.009,,,11.207,0.028,,,,,,,10.778,0.009,10.763,0.009,1635721458409799680,Gaia DR2 1134921885080388992,1134921885080388992,1316459010,2015.5,119.7453170609181,0.031325444711677884,72.78753554575621,0.044723374804479014,0.7150602200764382,0.049760725609952434,14.369971,-1.5579952865580369,0.06880480976889507,-17.738499292246104,0.08284582305068147,-0.28091913,0.38443387,0.014835948,0.04935402,-0.3486634,-0.019390313,-0.42835486,0.30963683,0.018681016,-0.31833804,208,208,200,8,17.464191,781.4974,0.11721267944589153,6.422691994921756,31,true,55.83802,1.6957580352599788,0.009543884039166043,-0.007461692,25,14,0.05501375,0,32,false,265,469876.99600736354,2982.270648854104,157.5568,11.508406,26,308629.04318976356,7153.0636091892175,43.146416,11.627796,25,248973.1891724324,3668.6127410857193,67.86576,11.271539,1.1866983,0,0.35625744,0.11939049,0.23686695,,,0,,,,VARIABLE,142.17978727682845,30.80111575680996,103.4123353230115,50.73189100327904,100001,7983.0,7741.5,8441.75,0.408,0.0989,0.936,0.2173,0.0504,0.506,200111,3.207092,2.867997,3.4103067,37.634144,34.022907,41.24538,,,0.2670401686827516,8.871682399357717E-8,,,,,1742.7892171176957,1.2546453570238365E-7,1705.136561616149,1.2546453570238365E-7,1705.1371768810227,1.2546453570238365E-7,11.473579503177122,1.2242785416213475E-4,11.589317010574371,1.672493424414451E-4,11.25291691358661,1.874784953102295E-4,0.32712554584219866,5.844787712384733E-4,0.3728873285310854,7.789048878677497E-4,0.23178094106710567,8.721753198546379E-4,,,0.11421427933140775,0.0015019870591975219,,,4.9432311672207945,0.01461872943869662,,,28,26,25,,,RRc,0.3050157555330171
UY Cyg,0.56070478,RRab,-0.8,,uycyg,,,11.515,0.017,11.096,0.017,,,10.496,0.017,,,,,,,9.709,0.009,9.688,0.008,1635721458409799680,Gaia DR2 1858568795806177792,1858568795806177792,220203256,2015.5,314.11790410532313,0.01988824727420849,30.427829573725063,0.028662759611925336,0.9808283621300753,0.0333771473267856,29.386225,-5.1089759489215085,0.053505527907536404,-8.995997002080959,0.056211405540521696,-0.5495667,0.11693138,-0.103320196,0.37668845,0.047847476,0.46464974,-0.6604596,0.044513267,-0.024003198,-0.63057554,419,419,405,14,12.270237,855.996,0.0,0.0,31,false,313.9241,1.6459842005385115,0.005213074559284445,-0.0026745829,49,15,0.05003667,0,57,true,463,720189.1936817635,7197.004086617239,100.06792,11.044749,49,428048.1975701756,16178.695250202614,26.457523,11.272656,49,470801.73586769536,11203.251067187508,42.02367,10.579824,1.2480748,0,0.692832,0.22790718,0.4649248,,,0,,,,VARIABLE,74.54635094887372,-9.629305659506135,328.59339812034375,45.30793886057235,100001,6625.25,6028.4,6982.0,,,,,,,200111,4.084197,3.6774905,4.932955,28.954575,27.403288,30.505861,0.5607114939567874,2.2442682441548075E-7,,,,,,,1790.8613716797672,3.1738745884869816E-7,1790.8572609735795,3.1738745884869816E-7,1790.861232006627,3.1738745884869816E-7,10.976179233828272,1.4111861082533617E-4,11.185349091347032,6.794013706118665E-4,10.566015588857212,1.1556584289893047E-4,0.7391959987546031,5.223726254220283E-4,1.1266546324565088,0.003379329719069943,0.568494241905027,6.834386315645232E-4,-1.1679753984162602,0.21698288245867275,0.45127853653844585,0.0014586062228588166,0.3201179861974264,0.0011588582637383092,4.154846422127143,0.002732288296490604,2.101447547073171,0.0028751073160163836,45,42,46,0.1728874434501005,0.05147140262566522,RRab,0.13586383460107002
V0440 Sgr,0.47747883,RRab,-1.4,,v0440sgr,10.847,0.02,10.703,0.008,10.312,0.008,10.103,0.02,9.805,0.008,,,,,,,9.038,0.009,9.022,0.008,1635721458409799680,Gaia DR2 6771307454464848768,6771307454464848768,1314220614,2015.5,293.08657307805134,0.03310796999109346,-23.85378063282648,0.031955463985511856,1.3990615653954441,0.04079070110106442,34.298542,-4.545206297596285,0.0641365804439584,-55.04812927957903,0.0573193711664972,0.39858818,-0.09031374,-0.21163112,-0.26399234,-0.3950486,-0.056485835,-0.3264998,-0.39638337,0.08496991,0.3444666,189,189,183,6,6.913971,341.88516,0.0,0.0,31,true,321.67813,1.6252525450789925,0.008543305815458415,0.13951047,22,11,0.046452865,0,23,false,156,1203668.906811088,8937.582116987023,134.675,10.487098,13,645307.8486168316,8782.628685877948,73.47548,10.826971,16,767150.184987726,15379.805456484712,49.880356,10.049719,1.1734606,0,0.7772522,0.3398733,0.43737888,,,0,,,,VARIABLE,15.311228027422295,-19.203318488985296,291.03046922810745,-2.0842949771519352,100001,5920.0,5866.0,6042.95,,,,,,,200111,4.6669383,4.4789624,4.7532578,24.101587,23.064667,25.138508,0.4289260205108558,1.0013952325368224E-7,,,,,,,1718.0442682623027,1.4161867191493335E-7,1718.0990821704463,1.4161867191493335E-7,1717.6810176179874,1.4161867191493335E-7,10.157627250828277,6.161831466375846E-4,10.638167336698704,0.0011867168242186814,9.921632630787759,0.0021595817100575794,1.0068555215721577,0.0018530991935548527,0.49946850352266026,0.00814009805925125,0.48936638281509737,0.001434237106181218,-2.1962448329431172,0.21719660700882396,0.3812549660110026,0.0011824527835510694,0.2338076702685119,0.001076427373959117,3.580882521732029,0.002419990020082162,1.0251947761251134,0.004601407030288577,18,14,15,,,RRab,0.8680680170089843
V0675 Sgr,0.6422893,RRab,-2.28,,v0675sgr,,,10.706,0.007,10.298,0.007,,,9.72,0.007,,,,,,,8.954,0.009,8.929,0.009,1635721458409799680,Gaia DR2 4039386574037718528,4039386574037718528,1009168542,2015.5,273.3976898187499,0.05039797207192079,-34.31728025651043,0.04853070066614126,1.1099239779741321,0.0573535062312295,19.35233,29.152795849138904,0.10477937525112528,-22.955159284369003,0.08508243480261346,-0.3008093,0.21071555,-0.47196522,0.14977857,-0.50852597,0.2381188,-0.53019994,-0.37152937,0.43436092,-0.2928923,125,125,123,2,7.179956,265.0927,0.0,0.0,31,false,274.65674,1.6109672749428132,0.012363528270003216,-0.1505839,14,8,0.06973858,0,14,false,126,1426852.484402966,23069.35136430701,61.850567,10.302418,14,770109.7679680461,40989.971384672994,18.78776,10.635007,14,885298.0220536907,32949.65358817095,26.868204,9.8941965,1.1601814,0,0.7408104,0.33258915,0.40822124,-117.03277396635673,11.869812642983542,2,6000.0,4.5,0.0,VARIABLE,358.2535738123285,-7.830034322460362,272.85744162962084,-10.911694989077054,100001,6064.0,5973.5,6200.0,1.593,1.3852,1.8601,0.783,0.6876,0.9205,200111,6.087325,5.8231974,6.2731714,45.14238,41.95781,48.32695,0.6274241997187721,3.393770911703399E-7,,,,,,,1746.0651879621241,4.799516850918251E-7,1882.8674861037316,4.799516850918251E-7,1746.0807412291363,4.799516850918251E-7,10.192330654976466,2.0415407480843303E-4,10.518993273838586,4.602646518699879E-4,9.822129516326354,2.78942465626377E-4,0.6211763265800112,8.390795727638567E-4,0.6160945750115978,0.0013221746026023157,0.4827061437693043,0.001283484223583367,,,0.32882249727822,0.0012033155854219981,,,3.7355826330145803,0.0036252443630316405,,,14,12,14,-0.018507596104146665,0.05127815992105288,RRab,0.573325981907714
VX Her,0.45535984,RRab,-1.58,,vxher,,,10.978,0.009,10.689,0.009,,,10.244,0.009,,,,,,,9.593,0.008,9.573,0.009,1635721458409799680,Gaia DR2 4467433017735910912,4467433017735910912,500776465,2015.5,247.6697790456607,0.03474907503846825,18.36691182368975,0.034050021135179534,0.9796588558413273,0.05893155079179997,16.623674,-51.161872845029265,0.05890678736400371,20.07000273012972,0.06942267153417658,-0.24747688,-0.4463231,0.002338621,0.43859914,0.22580563,0.27567658,-0.5109406,-0.17763181,-0.26922294,-0.05586665,221,221,211,10,15.281646,696.41364,0.08946791508672093,4.16576964975089,31,true,86.937485,1.6707498587685827,0.010582353339977379,-0.06366071,25,12,0.045164246,0,25,true,221,855158.1114219638,10455.74140940564,81.788376,10.85825,23,514347.11046209297,23187.067709782186,22.182499,11.073247,23,540620.5683406327,18210.16429835169,29.687847,10.429688,1.2336522,0,0.6435585,0.21499729,0.4285612,-357.2410367126993,8.427545375456269,5,6500.0,3.5,-1.5,VARIABLE,35.22408091969678,39.08264291979712,242.0677039232897,39.665404300996784,100001,6477.1396,6300.0,6849.6396,1.7363,1.4039,1.92,0.8343,0.6439,0.9606,200111,4.662602,4.1692643,4.9284887,34.473427,31.702478,37.244373,0.4553559906435201,3.5897396762958565E-7,,,,,,,1815.7244192449054,5.076658535606405E-7,1815.7244192449054,5.076658535606405E-7,1815.7244192449054,5.076658535606405E-7,10.77377297834185,0.001369191327721113,,,,,0.6215143263677732,0.0029072263535089168,,,,,-0.6523793665118269,0.21819933067830904,0.41495652539480704,0.002377530655390777,0.1653197243898574,0.0015947750923016974,3.70957490837403,0.004386028482814435,1.9367261344069906,0.01455763100704123,21,16,18,,,RRab,0.8422692102697628
W Crt,0.41201459,RRab,-0.54,,wcrt,12.013,0.02,11.844,0.007,11.531,0.007,11.347,0.02,11.099,0.007,10.798,0.02,10.629,0.013,10.523,0.009,10.506,0.011,10.5,0.011,1635721458409799680,Gaia DR2 3546458301374134528,3546458301374134528,1344920302,2015.5,171.62344801508186,0.03127245395519672,-17.914409614670415,0.026477956361634133,0.7474827867143362,0.044922380756186125,16.63943,-16.294966899004883,0.07178776427555225,-11.35876857197049,0.05198590403573652,-0.47280526,-0.22150062,-0.033212114,0.2628359,0.1496303,0.3498523,0.12327246,0.09613786,-0.3384437,-0.14691891,380,380,353,27,20.172617,1196.0585,0.0986887871094843,5.744121556648168,31,true,72.69274,1.6469284837616212,0.006836894848921764,-0.00983635,43,14,0.045661476,0,52,false,438,430386.1855104683,6117.382830908244,70.35463,11.60372,49,278054.6632840086,16216.275955061796,17.14664,11.741063,49,274191.1239155063,9688.569837327133,28.300474,11.166786,1.2831402,0,0.5742769,0.1373434,0.43693352,80.1449639360239,6.958426443604131,21,6500.0,4.5,0.0,VARIABLE,275.9920299843717,40.472012424816384,179.70650139825668,-19.715602920724333,102001,6746.0,6424.6665,7380.0,,,,,,,200111,3.9969146,3.3396797,4.406729,29.807793,27.23952,32.37607,0.4120118957940456,4.6998141482818154E-8,,,,,,,1678.041760072235,6.6465409091331E-8,1678.0515510369146,6.6465409091331E-8,1678.0425755771435,6.6465409091331E-8,11.45049434345119,1.9474292771435133E-4,11.649763403674635,1.649871746146624E-4,11.138448127740732,1.7011619967593385E-4,1.2937985762593769,0.0010210897290867775,1.4083961382306285,0.0013775082999124707,0.937348303636421,0.0012880256244445457,-0.3019392651374311,0.21699131815223602,0.529974579242292,0.0021027603728929513,0.3584655173122181,6.76762484593233E-4,3.999738803260776,0.0017275557968764019,1.9404928754810218,0.0046763706647216146,48,43,44,0.044815134207019186,0.05213975982315688,RRab,0.30447499346656165
YZ Cap,0.2734563,RRc,-1.06,,yzcap,11.777,0.02,11.56,0.007,11.3,0.007,11.134,0.02,10.902,0.007,,,,,,,10.337,0.009,10.321,0.009,1635721458409799680,Gaia DR2 6884361748289023488,6884361748289023488,1687389581,2015.5,319.8849897184937,0.05891042025750867,-15.117064849209925,0.05873404436214067,0.8479840430938562,0.06680666689285214,12.693105,-14.458932488776465,0.10858348217262147,-18.670015498786,0.08578871179862195,0.6057452,0.38860288,-0.5483245,-0.41815653,0.28332207,-0.35277328,-0.796446,-0.57803243,-0.34202462,0.60265297,333,333,307,26,25.45135,1456.8286,0.15742023086912288,16.55601517896975,31,true,33.33451,1.6905281668338874,0.010674030071515024,0.1295353,38,9,0.08007001,0,42,false,358,587779.1590137817,4320.235627276353,136.05257,11.26533,40,371588.7042809638,10179.05019519935,36.505245,11.426232,40,335865.60543420294,5527.056985972017,60.767532,10.9465065,1.2036057,0,0.47972584,0.16090202,0.3188238,,,0,,,,VARIABLE,35.38184256098749,-39.51616382969811,317.5879140381172,0.46730779412645385,100001,7568.5,7168.0,7934.0,1.311,1.0074,1.502,0.6388,0.4479,0.7571,200111,3.3093083,3.0114279,3.6894436,32.3749,29.087072,35.662727,,,0.2734529014742652,8.00735253667305E-8,,,,,1756.9106018776315,1.1324106556065635E-7,1756.900777921829,1.1324106556065635E-7,1756.8973108107346,1.1324106556065635E-7,11.218588383165747,1.344778705101434E-4,11.38375985730147,1.1507564326611333E-4,10.927761547677168,1.2368748871212896E-4,0.4517964883266572,5.806777134054961E-4,0.5188299759603225,6.43535884341456E-4,0.3031283432538405,8.956960455602015E-4,,,0.15566912015030418,0.0013157747245771156,,,4.8429752056767015,0.007063046454527144,,,41,40,40,,,RRc,0.3413194445930721
